Status,Kode Produk Shopee,Nama Produk,SKU Tercocokkan,Harga Web (Rp)
Cocok,56355246461,cargo Container Industri rapat XL HNT 3101,HNT 3101,390816
Cocok,56209439741,SHINPO Container Box MEGA 130L SIP 116 - Paket Hemat 4 Pcs Set,SIP 116,206626
Cocok,56159450798,SHINPO Container Box CB 70L SIP 143 - Paket 6 Pcs Set,SIP 143,125561
Cocok,55959439771,SHINPO Container Box HERCULES 150L SIP 119 - Paket Hemat 4 Pcs Set,SIP 119,263123
Cocok,55759992766,Grosir Keranjang Belanja Roda Shinpo 341 Flamingo Original Isi 12 Pcs - Bisa Gocar & Cargo,SIP 341,131448
Cocok,55459379931,SHINPO Container Box SPARK 30L SIP 110 GS - Isi 6 Pcs,SIP 110GS,64083
Cocok,54059385188,Grosir SHINPO Container Box SKY 45 Liter SIP 111 - Isi 6 Pcs Set - Nesting System - Free Bubble & Dus - Pengiriman Se-Indonesia,SIP 111,84689
Cocok,53159550573,SHINPO Container Box MAX 95 Liter SIP 114 - Paket Hemat 1 Dus (Isi 4 Pcs) - FREE ONGKIR SE-INDONESIA,SIP 114,187606
Cocok,52809988546,[GROSIR 72 PCS] Hanata Jolly Box 640 - Kotak Sparepart Rak Susun Isi 72 Pcs - J&T Cargo & GoSend,HNT 640,10819
Cocok,52609389137,SHINPO Container Box CARAVAN 52L SIP 142 - Isi 6 Pcs Set,SIP 142,104162
Cocok,52359992771,[GROSIR 24 PCS] Hanata Jolly Box 642 Isi 24 Pcs - Kotak Sparepart Rak Susun Besar,HNT 642,32347
Cocok,51151773996,(grosir) Kotak Aksesoris / sparepart Jolly Box 300 HNT 642,HNT 642,32347
Perlu Dicek Manual,51008035858,Lin hui Nestable box,,0
Cocok,50910192741,[GROSIR 12PCS] Hanata Jolly Box 643 Isi 12 Pcs - Kotak Sparepart JUMBO - J&T Cargo,HNT 643,45154
Cocok,50109389059,SHINPO Container Box SKY 45L SIP 111 - Isi 6 Pcs Set,SIP 111,84689
Cocok,48960018645,GROSIR 1 DUS (6 PCS) Container Sekat Shinpo SIP 136 Patriot - Sealware 19L Sekat Lepas Pasang - Surabaya Ready,SIP 136,100426
Cocok,47359468795,Grosir 6 pcs SHINPO Container Box CARAVAN 52L SIP 142 - Isi 6 Pcs Set,SIP 142,104162
Cocok,46709975826,GROSIR 36 PCS Kotak Donat Shinpo SIP 306 Donatsu - Tempat Donat Plastik 6.5L - Surabaya Ready,SIP 306,23323
Cocok,46560017813,GROSIR 24 PCS Kotak Donat Besar Shinpo SIP 306 L Donatsu Large - Tempat Donat Plastik 11.5L - Surabaya Ready GoSend,SIP 306L,34079
Perlu Dicek Manual,44912867528,Best Seller / Bak Mandi Air Plastik Sudut Oval HANATA 1006 SET Bumper / Gratis Ongkir,,0
Cocok,43955457440,Jolly YTH 182 Box Stackable Kotak Plastik Rak Susun Baut Skrup Laci Container Drawers mirip HNT 641 jx 200,HNT 641,17995
Cocok,43905358504,YTH 194 Jolly Box Kotak Rak Baut Tempat Aksesoris mirip Hanata 640 Stackable Part,HNT 640,10819
Cocok,43380631448,[GROSIR 1 DUS] Hanata Jolly Box 641 Isi 36 Pcs - Gratis Ongkir Se-Indonesia - J&T Cargo,HNT 641,17995
Perlu Dicek Manual,43303214539,"KIMPLAST KRAT PIRING 50 LITER HITAM BAHAN PLASTIK KUAT, TEBAL, WADAH MEMBAWA PIRING BANYAK SEKALIGUS / KRAT PIRING CATERING",,0
Cocok,43205353601,YTH 183 Jolly Box Kotak Aksesoris Kotak Baut Tempat Aksesoris mirip  Hanata 642 Stackable,HNT 642,32347
Cocok,43006358153,(24pcs) Shinpo donatsu SIP 306L / kotak donat / sealware kotak,SIP 306L,34079
Perlu Dicek Manual,42455530913,KIMPLAST Keranjang Industri 80 Lt/ Keranjang Dagang / Keranjang Serbaguna/ Keranjang Pasar/ Keranjang Piring Besar,,0
Perlu Dicek Manual,42253081243,LionStar Kotak Donat Box Makan Kateria Keeper 902 bkp2,,0
Cocok,42069716348,Keranjang Hanata HNT2001 untuk Roti dan Ikan dengan Lubang Ventilasi,HNT 2001,95717
Cocok,41905163122,Lin Hui Container industri rapat XL mirip HNT 3101 tebal,HNT 3101,390816
Perlu Dicek Manual,41155359097,Jolly YTH 195 Box Kotak Rak Baut Tempat Aksesoris Hanata Stackable Y-400,,0
Cocok,40730403058,SHINPO Container Box SPRINTER 82 Liter SIP 146 - Paket Hemat 1 Dus (Isi 6 Pcs) - FREE ONGKIR SE-INDONESIA,SIP 146,162018
Cocok,40680635033,GROSIR 1 DUS (24 PCS) Kotak Donat Shinpo SIP 456 L Oyatsu - Sealware Plastik 15L - Surabaya Ready GoSend,SIP 456L,38042
Perlu Dicek Manual,40651569197,ATARI Container Industri rapat 9920P Container tahu / container ikan / container buntu,,0
Perlu Dicek Manual,29875822473,"LION STAR : 6S MARINA COOLER BOX / PENYIMPAN ES 5,5 LITER MARINA 6 S",,0
Cocok,29579520296,(grosir) keranjang industri berlobang XL HANATA HNT 3001,HNT 3001,371717
Perlu Dicek Manual,29314970353,Toples Bulat PEACOCK 25 L SHINPO SIP 625 | Sealware Transparant Makanan Kerupuk Es Buah Hajatan Penyimpanan Beras Serbaguna,,0
Cocok,29051421235,Container industri rapat XL HNT 3101 (khusus cargo),HNT 3101,390816
Perlu Dicek Manual,28522914364,EZY Box Container 10 Liter 10L Anti Pecah,,0
Perlu Dicek Manual,28294664280,Grosir 6&12 pcs Shinpo Container Box 30L CB 30 SIP 110 SPARK,,0
Perlu Dicek Manual,28173741888,Shinpo Container Box Goodly CB 18 Handle Shinpo SIP 134,,0
Perlu Dicek Manual,28155213422,Nagata Sikat Baju Bulu Halus NGT 0801,,0
Perlu Dicek Manual,27772924764,Bingkai Frame Pigura Minimalis / Ukir 12R,,0
Perlu Dicek Manual,27615239548,BOTOL AIR MINUM ANAK SEKOLAH 350ml SANATA SNT 717 S SHOGUN sedotan+tali SNT717S,,0
Perlu Dicek Manual,27275922506,ATARI Container Industri rapat 9919P Container tahu / container ikan / container buntu,,0
Perlu Dicek Manual,27270239846,PUP Keranjang mirani / keranjang swalayan / keranjang buah,,0
Cocok,26780733687,Grosir 72pcs Kotak aksesoris/ sparepart Jolly Box HNT 640 HANATA,HNT 640,10819
Cocok,26529052884,(Grosir)Shinpo Container box sekat SIP 136,SIP 136,100426
Perlu Dicek Manual,26174982569,Container Rapat ceper Hanata HNT 2100L,,0
Perlu Dicek Manual,21527685899,Kursi baso motif rotan,,0
Cocok,21426357945,Tutup keranjang Industri rapat dan berlobang HANATA HNT 2199,HNT 2199,67786
Perlu Dicek Manual,21286836840,CENTONG ENTONG IRUS SENDOK NASI PASTEL Plastik SANATA SNT 13PL SP13PL,,0
Perlu Dicek Manual,21226365882,Shinpo kotak makan/sealware 2L - Sorento SIP 309M,,0
Cocok,21186800309,ACCURATE CONTAINER BOX 47 LITER | Boks Plastik SHINPO - CB 47 SIP 141,SIP 141,109144
Cocok,21125960156,Shinpo Contaniner Box 52L - Caravan SIP 142,SIP 142,104162
Perlu Dicek Manual,21083787373,KERANJANG INDUSTRI BOX KRAT LUBANG ROTI IKAN | HANATA HNT2003 HNT 2003,,0
Perlu Dicek Manual,21026580061,Bingkai Foto 10R/8rR press/pass (20x25cm),,0
Cocok,20925964957,Box/Krat rapat Industri XL Hanata HNT 3101,HNT 3101,390816
Cocok,20825963170,Shinpo Container Box 10L - Practy SIP 129,SIP 129,34872
Cocok,20625960722,Shinpo Container Box 70L - Real SIP 143,SIP 143,125561
Perlu Dicek Manual,20625700172,Antam Emas Logam Mulia 5 Gram sertifikat 2022,,0
Cocok,20625700147,Shinpo Container Box Cb 150 Hercules SIP 119,SIP 119,263123
Perlu Dicek Manual,20625700128,Emas Antam Logam Mulia 1Gram 2022,,0
Perlu Dicek Manual,20625700078,Ensure vanilla 900 gram kemasan baru,,0
Perlu Dicek Manual,20426360708,Nagata sapu plastik turki NGT 0717,,0
Cocok,20425966867,Box / Krat rapat Industri HNT 2102 HANATA,HNT 2102,138994
Perlu Dicek Manual,20325964063,Shinpo Container Box 30L - Innov SIP 138,,0
Perlu Dicek Manual,20126753441,Shinpo toples putar sealware silinder bulat - Keep SIP 352L,,0
Perlu Dicek Manual,20126745381,Shinpo toples segi/kotak makanan snack - Bocadillo SIP 304S,,0
Perlu Dicek Manual,20126743443,Shinpo Toples segi ukuran L /kotak makanan snack - Bocadillo SIP 304L,,0
Cocok,20126429119,keranjang industri berlobang XL HANATA HNT 3001,HNT 3001,371717
Cocok,20126353498,Shinpo Container Box sekat 19L - Patriot SIP 136 free bubble,SIP 136,100426
Cocok,20125966390,Box/krat rapat Industri HNT 2103 HANATA,HNT 2103,146390
Perlu Dicek Manual,20026743886,Shinpo Toples Segi/kotak makanan snack ukuran M - Bocadillo SIP 304M,,0
Cocok,19825965754,Box/Krat rapat Industri Hanata HNT 2104,HNT 2104,183706
Cocok,19796307492,Krat Keranjang Industri Plastik HNT 2303M / Bak Tempat Cuci AC,HNT 2303M,120005
Cocok,19785396663,ASTER BOX PLASTIK (Keranjang/Bakul Segi Serbaguna) SHINPO SIP 255,SIP 255,15624
Perlu Dicek Manual,19626594513,Shinpo Kotak makan/sealware kotak 900ml - Sorento SIP309S,,0
Perlu Dicek Manual,19626357570,Keranjang Industri Hitam,,0
Cocok,19626356802,Shinpo kotak masker/ pensil serbaguna - Kawai SIP 204,SIP 204,9397
Perlu Dicek Manual,19625967874,Box/krat rapat industri HNT 2101 HANATA,,0
Cocok,19625962573,Shinpo Container Box 95L - Max SIP 114,SIP 114,187606
Cocok,19625960965,Shinpo Container Box 82L - Sprinter SIP 146,SIP 146,162018
Perlu Dicek Manual,19074119786,Laptop Acer One 14 Z1401-C13A Intel Second,,0
Perlu Dicek Manual,18976500812,Rice Bucket GMC 3.5L murah,,0
Cocok,18925959256,Shinpo Container Box 30L - Spark SIP 110GS,SIP 110GS,64083
Perlu Dicek Manual,18793145859,TEMPAT SENDOK PLASTIK + Tutup 5 Sekat TAHITI SIP515 | SHINPO SIP 515,,0
Cocok,18625976697,Kotak Aksesoris sparepart / jolly box HANATA HNT 643,HNT 643,45154
Perlu Dicek Manual,18525701035,Gold Antam Logam Mulia 10 gram,,0
Cocok,18525701022,kotak donat Shinpo SIP 306L / donatsu L free bubble,SIP 306L,34079
Perlu Dicek Manual,18525701019,Gold - Antam 1 gram Reinvented,,0
Perlu Dicek Manual,18525699989,Antam 3 gram model press terbaru,,0
Perlu Dicek Manual,18525699986,sandisk ultra certi ⭕ 23,,0
Perlu Dicek Manual,18525699984,Emas Logam mulia 2Gram sertifikat antam certieye,,0
Perlu Dicek Manual,18525699980,Emas Logam Mulia UBS SNI 0.5Gr,,0
Perlu Dicek Manual,18525699972,Gold - Logam Mulia Emas Antam 0.5 Gram Fine Gold 999.9 Sertifikat LBMA,,0
Cocok,18483953296,Shinpo bangku jongkok amando / bangku ngaji SIP 190,SIP 190,38834
Cocok,18390459050,Sealware OYATSU Kotak Toples Wadah Donat Multifungsi SHINPO SIP 456S,SIP 456S,26607
Cocok,18381508666,SEALFRESH CONTAINER BOX Seal kedap anti air SHINPO - CB 24L SIP 155L,SIP 155L,89444
Perlu Dicek Manual,18065772512,Smart storage/container box  serba guna Nobu 55L NB55,,0
Perlu Dicek Manual,18026754888,Shinpo toples putar sealware silinder bulat 2030ml - Keep SIP 352 XL,,0
Perlu Dicek Manual,18026582551,Bingkai Foto /pigora A4 minimalis (21x30cm),,0
Perlu Dicek Manual,18026359577,Kursi plastik lovina/ bangku sender / kursi makan,,0
Cocok,17979873056,Shinpo Container Box 130L - Mega SIP 116,SIP 116,206626
Perlu Dicek Manual,17779982213,Shinpo kotak makanan/sealware 3.5L - Sorento SIP 309L,,0
Cocok,17379872896,Shinpo Container Box 45L - Sky SIP 111,SIP 111,84689
Perlu Dicek Manual,16980087136,Shinpo Toples putar Sealware silinder bulat 820ml - Keep SIP 352M,,0
Cocok,16979877300,Kotak Aksesoris / sparepart Jolly Box 300 HNT 642,HNT 642,32347
Cocok,16798013908,SHINPO Container Box CB 195L EXTRA SIP 126,SIP 126,401931
Perlu Dicek Manual,16780085984,Shinpo Toples segi/kotak makanan snack XL - Bocadillo SIP 304XL,,0
Cocok,15397027755,Shinpo Kotak donat Donatsu L SIP 306L (instant only),SIP 306L,34079
Cocok,15290095836,Kotak aksesoris/ sparepart Jolly Box HNT 640 HANATA,HNT 640,10819
Perlu Dicek Manual,12895174260,paket Frozen food 100 ribuan,,0
Perlu Dicek Manual,11897238589,Bingkai Foto 10R/8R press/pass (20x25cm),,0
